<?xml version="1.0" encoding="utf-8"?>
<!-- Copyright (C) 2011 The Android Open Source Project

     Licensed under the Apache License, Version 2.0 (the "License");
     you may not use this file except in compliance with the License.
     You may obtain a copy of the License at

          http://www.apache.org/licenses/LICENSE-2.0

     Unless required by applicable law or agreed to in writing, software
     distributed under the License is distributed on an "AS IS" BASIS,
     WITHOUT WARRANTIES OR CONDITIONS OF ANY KIND, either express or implied.
     See the License for the specific language governing permissions and
     limitations under the License.
-->
<!DOCTYPE MediaSettings [
  <!ELEMENT MediaSettings (CamcorderProfiles,
                         EncoderOutputFileFormat+,
                         VideoEncoderCap+,
                         AudioEncoderCap+,
                         VideoDecoderCap,
                         AudioDecoderCap,
                         VideoEditorCap,
                         ExportVideoProfile+)>
  <!ELEMENT CamcorderProfiles (EncoderProfile+, ImageEncoding+, ImageDecoding, Camera)>
  <!ELEMENT EncoderProfile (Video, Audio)>
  <!ATTLIST EncoderProfile quality (timelapse1080p|timelapse720p|timelapse480p|timelapsehigh|timelapselow|480p|qcif|high|low) #REQUIRED>
  <!ATTLIST EncoderProfile fileFormat (mp4|3gp) #REQUIRED>
  <!ATTLIST EncoderProfile duration (30|60) #REQUIRED>
  <!ELEMENT Video EMPTY>
  <!ATTLIST Video codec (h264|h263|m4v) #REQUIRED>
  <!ATTLIST Video bitRate CDATA #REQUIRED>
  <!ATTLIST Video width CDATA #REQUIRED>
  <!ATTLIST Video height CDATA #REQUIRED>
  <!ATTLIST Video frameRate CDATA #REQUIRED>
  <!ELEMENT Audio EMPTY>
  <!ATTLIST Audio codec (amrnb|amrwb|aac) #REQUIRED>
  <!ATTLIST Audio bitRate CDATA #REQUIRED>
  <!ATTLIST Audio sampleRate CDATA #REQUIRED>
  <!ATTLIST Audio channels (1|2) #REQUIRED>
  <!ELEMENT ImageEncoding EMPTY>
  <!ATTLIST ImageEncoding quality (90|80|70|60|50|40) #REQUIRED>
  <!ELEMENT ImageDecoding EMPTY>
  <!ATTLIST ImageDecoding memCap CDATA #REQUIRED>
  <!ELEMENT Camera EMPTY>
  <!ATTLIST Camera previewFrameRate CDATA #REQUIRED>
  <!ELEMENT EncoderOutputFileFormat EMPTY>
  <!ATTLIST EncoderOutputFileFormat name (mp4|3gp) #REQUIRED>
  <!ELEMENT VideoEncoderCap EMPTY>
  <!ATTLIST VideoEncoderCap name (h264|h263|m4v|wmv) #REQUIRED>
  <!ATTLIST VideoEncoderCap enabled (true|false) #REQUIRED>
  <!ATTLIST VideoEncoderCap minBitRate CDATA #REQUIRED>
  <!ATTLIST VideoEncoderCap maxBitRate CDATA #REQUIRED>
  <!ATTLIST VideoEncoderCap minFrameWidth CDATA #REQUIRED>
  <!ATTLIST VideoEncoderCap maxFrameWidth CDATA #REQUIRED>
  <!ATTLIST VideoEncoderCap minFrameHeight CDATA #REQUIRED>
  <!ATTLIST VideoEncoderCap maxFrameHeight CDATA #REQUIRED>
  <!ATTLIST VideoEncoderCap minFrameRate CDATA #REQUIRED>
  <!ATTLIST VideoEncoderCap maxFrameRate CDATA #REQUIRED>
  <!ELEMENT AudioEncoderCap EMPTY>
  <!ATTLIST AudioEncoderCap name (amrnb|amrwb|aac|wma) #REQUIRED>
  <!ATTLIST AudioEncoderCap enabled (true|false) #REQUIRED>
  <!ATTLIST AudioEncoderCap minBitRate CDATA #REQUIRED>
  <!ATTLIST AudioEncoderCap maxBitRate CDATA #REQUIRED>
  <!ATTLIST AudioEncoderCap minSampleRate CDATA #REQUIRED>
  <!ATTLIST AudioEncoderCap maxSampleRate CDATA #REQUIRED>
  <!ATTLIST AudioEncoderCap minChannels (1|2) #REQUIRED>
  <!ATTLIST AudioEncoderCap maxChannels (1|2) #REQUIRED>
  <!ELEMENT VideoDecoderCap EMPTY>
  <!ATTLIST VideoDecoderCap name (wmv) #REQUIRED>
  <!ATTLIST VideoDecoderCap enabled (true|false) #REQUIRED>
  <!ELEMENT AudioDecoderCap EMPTY>
  <!ATTLIST AudioDecoderCap name (wma) #REQUIRED>
  <!ATTLIST AudioDecoderCap enabled (true|false) #REQUIRED>
  <!ATTLIST VideoEditorCap maxInputFrameWidth CDATA #REQUIRED>
  <!ATTLIST VideoEditorCap maxInputFrameHeight CDATA #REQUIRED>
  <!ATTLIST VideoEditorCap maxOutputFrameWidth CDATA #REQUIRED>
  <!ATTLIST VideoEditorCap maxOutputFrameHeight CDATA #REQUIRED>
  <!ATTLIST VideoEditorCap maxPrefetchYUVFrames CDATA #REQUIRED>
  <!ELEMENT ExportVideoProfile EMPTY>
  <!ATTLIST ExportVideoProfile name (h264|h263|m4v) #REQUIRED>
  <!ATTLIST ExportVideoProfile profile CDATA #REQUIRED>
  <!ATTLIST ExportVideoProfile level CDATA #REQUIRED>
]>
<!--
     This file is used to declare the multimedia profiles and capabilities
     on an android-powered device.
-->
<MediaSettings>
  <!-- Each camcorder profile defines a set of predefined configuration parameters -->
  <!-- Back Right Camera -->
  <CamcorderProfiles cameraId="0">

    <EncoderProfile quality="low" fileFormat="3gp" duration="30">
      <Video codec="h264"
             bitRate="384000"
             width="176"
             height="144"
             frameRate="30" />

      <Audio codec="amrnb"
             bitRate="12200"
             sampleRate="8000"
             channels="1" />
    </EncoderProfile>

    <EncoderProfile quality="high" fileFormat="3gp" duration="30">
      <Video codec="h264"
             bitRate="20000000"
             width="1920"
             height="1080"
             frameRate="30" />

      <Audio codec="aac"
             bitRate="96000"
             sampleRate="16000"
             channels="1" />
    </EncoderProfile>

    <EncoderProfile quality="qcif" fileFormat="3gp" duration="30">
      <Video codec="h264"
             bitRate="384000"
             width="176"
             height="144"
             frameRate="30" />

      <Audio codec="amrnb"
             bitRate="12200"
             sampleRate="8000"
             channels="1" />
    </EncoderProfile>

    <EncoderProfile quality="cif" fileFormat="3gp" duration="30">
      <Video codec="h264"
             bitRate="1536000"
             width="352"
             height="288"
             frameRate="30" />

      <Audio codec="amrnb"
             bitRate="12200"
             sampleRate="8000"
             channels="1" />
    </EncoderProfile>

    <EncoderProfile quality="480p" fileFormat="3gp" duration="30">
      <Video codec="h264"
             bitRate="4000000"
             width="640"
             height="480"
             frameRate="30" />

      <Audio codec="aac"
             bitRate="96000"
             sampleRate="16000"
             channels="1" />
    </EncoderProfile>

    <EncoderProfile quality="720p" fileFormat="3gp" duration="30">
      <Video codec="h264"
             bitRate="8000000"
             width="1280"
             height="720"
             frameRate="30" />

      <Audio codec="aac"
             bitRate="96000"
             sampleRate="16000"
             channels="1" />
    </EncoderProfile>

    <EncoderProfile quality="1080p" fileFormat="3gp" duration="30">
      <Video codec="h264"
             bitRate="20000000"
             width="1920"
             height="1080"
             frameRate="30" />

      <Audio codec="aac"
             bitRate="96000"
             sampleRate="16000"
             channels="1" />
    </EncoderProfile>

    <EncoderProfile quality="timelapselow" fileFormat="3gp" duration="30">
      <Video codec="h264"
             bitRate="384000"
             width="176"
             height="144"
             frameRate="30" />

      <Audio codec="amrnb"
             bitRate="12200"
             sampleRate="8000"
             channels="1" />
    </EncoderProfile>

    <EncoderProfile quality="timelapsehigh" fileFormat="3gp" duration="30">
      <Video codec="h264"
             bitRate="20000000"
             width="1920"
             height="1080"
             frameRate="30" />

      <Audio codec="aac"
             bitRate="96000"
             sampleRate="16000"
             channels="1" />
    </EncoderProfile>

    <EncoderProfile quality="timelapseqcif" fileFormat="3gp" duration="30">
      <Video codec="h264"
             bitRate="384000"
             width="176"
             height="144"
             frameRate="30" />

      <Audio codec="amrnb"
             bitRate="12200"
             sampleRate="8000"
             channels="1" />
    </EncoderProfile>

    <EncoderProfile quality="timelapsecif" fileFormat="3gp" duration="30">
      <Video codec="h264"
             bitRate="1536000"
             width="352"
             height="288"
             frameRate="30" />

      <Audio codec="amrnb"
             bitRate="12200"
             sampleRate="8000"
             channels="1" />
    </EncoderProfile>

    <EncoderProfile quality="timelapse480p" fileFormat="3gp" duration="30">
      <Video codec="h264"
             bitRate="4000000"
             width="640"
             height="480"
             frameRate="30" />

      <!--
            The Audio part of the profile will not be used since time lapse mode
            does not capture audio
      -->
      <Audio codec="aac"
             bitRate="96000"
             sampleRate="16000"
             channels="1" />
    </EncoderProfile>

    <EncoderProfile quality="timelapse720p" fileFormat="3gp" duration="30">
      <Video codec="h264"
             bitRate="8000000"
             width="1280"
             height="720"
             frameRate="30" />

      <!--
            The Audio part of the profile will not be used since time lapse mode
            does not capture audio
      -->
      <Audio codec="aac"
             bitRate="96000"
             sampleRate="16000"
             channels="1" />
    </EncoderProfile>

    <EncoderProfile quality="timelapse1080p" fileFormat="3gp" duration="30">
      <Video codec="h264"
             bitRate="20000000"
             width="1920"
             height="1080"
             frameRate="30" />

      <!--
            The Audio part of the profile will not be used since time lapse mode
            does not capture audio
      -->
      <Audio codec="aac"
             bitRate="96000"
             sampleRate="16000"
             channels="1" />
    </EncoderProfile>

    <ImageEncoding quality="90" />
    <ImageEncoding quality="80" />
    <ImageEncoding quality="70" />
    <ImageDecoding memCap="20000000" />

  </CamcorderProfiles>

  <!-- Front Camera -->
  <CamcorderProfiles cameraId="1">

    <EncoderProfile quality="low" fileFormat="3gp" duration="30">
      <Video codec="h264"
             bitRate="384000"
             width="176"
             height="144"
             frameRate="30" />

      <Audio codec="amrnb"
             bitRate="12200"
             sampleRate="8000"
             channels="1" />
    </EncoderProfile>

    <EncoderProfile quality="high" fileFormat="3gp" duration="30">
      <Video codec="h264"
             bitRate="4000000"
             width="640"
             height="480"
             frameRate="30" />

      <Audio codec="aac"
             bitRate="96000"
             sampleRate="16000"
             channels="1" />
    </EncoderProfile>

    <EncoderProfile quality="qcif" fileFormat="3gp" duration="30">
      <Video codec="h264"
             bitRate="384000"
             width="176"
             height="144"
             frameRate="30" />

      <Audio codec="amrnb"
             bitRate="12200"
             sampleRate="8000"
             channels="1" />
    </EncoderProfile>

    <EncoderProfile quality="cif" fileFormat="3gp" duration="30">
      <Video codec="h264"
             bitRate="1536000"
             width="352"
             height="288"
             frameRate="30" />

      <Audio codec="amrnb"
             bitRate="12200"
             sampleRate="8000"
             channels="1" />
    </EncoderProfile>

    <EncoderProfile quality="480p" fileFormat="3gp" duration="30">
      <Video codec="h264"
             bitRate="4000000"
             width="640"
             height="480"
             frameRate="30" />

      <Audio codec="aac"
             bitRate="96000"
             sampleRate="16000"
             channels="1" />
    </EncoderProfile>

    <EncoderProfile quality="timelapselow" fileFormat="3gp" duration="30">
      <Video codec="h264"
             bitRate="384000"
             width="176"
             height="144"
             frameRate="30" />

      <Audio codec="amrnb"
             bitRate="12200"
             sampleRate="8000"
             channels="1" />
    </EncoderProfile>

    <EncoderProfile quality="timelapsehigh" fileFormat="3gp" duration="30">
      <Video codec="h264"
             bitRate="4000000"
             width="640"
             height="480"
             frameRate="30" />

      <Audio codec="aac"
             bitRate="96000"
             sampleRate="16000"
             channels="1" />
    </EncoderProfile>

    <EncoderProfile quality="timelapseqcif" fileFormat="3gp" duration="30">
      <Video codec="h264"
             bitRate="384000"
             width="176"
             height="144"
             frameRate="30" />

      <!--
            The Audio part of the profile will not be used since time lapse mode
            does not capture audio
      -->
      <Audio codec="amrnb"
             bitRate="12200"
             sampleRate="8000"
             channels="1" />
    </EncoderProfile>

    <EncoderProfile quality="timelapsecif" fileFormat="3gp" duration="30">
      <Video codec="h264"
             bitRate="1536000"
             width="352"
             height="288"
             frameRate="30" />

      <Audio codec="amrnb"
             bitRate="12200"
             sampleRate="8000"
             channels="1" />
    </EncoderProfile>

    <EncoderProfile quality="timelapse480p" fileFormat="3gp" duration="30">
      <Video codec="h264"
             bitRate="4000000"
             width="640"
             height="480"
             frameRate="30" />

      <!--
            The Audio part of the profile will not be used since time lapse mode
            does not capture audio
      -->
      <Audio codec="aac"
             bitRate="96000"
             sampleRate="16000"
             channels="1" />
    </EncoderProfile>

    <ImageEncoding quality="90" />
    <ImageEncoding quality="80" />
    <ImageEncoding quality="70" />
    <ImageDecoding memCap="20000000" />

  </CamcorderProfiles>

  <EncoderOutputFileFormat name="3gp" />

  <!--
         If a codec is not enabled, it is invisible to the applications
         In other words, the applications won't be able to use the codec
         or query the capabilities of the codec at all if it is disabled
    -->
  <VideoEncoderCap name="h264" enabled="true"
      minBitRate="64000" maxBitRate="20000000"
      minFrameWidth="176" maxFrameWidth="1920"
      minFrameHeight="144" maxFrameHeight="1080"
      minFrameRate="1" maxFrameRate="30" />

  <VideoEncoderCap name="h263" enabled="true"
      minBitRate="64000" maxBitRate="8000000"
      minFrameWidth="176" maxFrameWidth="704"
      minFrameHeight="144" maxFrameHeight="576"
      minFrameRate="1" maxFrameRate="30" />

  <VideoEncoderCap name="m4v" enabled="true"
      minBitRate="64000" maxBitRate="10000000"
      minFrameWidth="176" maxFrameWidth="1280"
      minFrameHeight="144" maxFrameHeight="720"
      minFrameRate="1" maxFrameRate="30" />

  <AudioEncoderCap name="aac" enabled="true"
      minBitRate="8000" maxBitRate="320000"
      minSampleRate="8000" maxSampleRate="48000"
      minChannels="1" maxChannels="2" />

  <AudioEncoderCap name="amrwb" enabled="true"
        minBitRate="6600" maxBitRate="23050"
        minSampleRate="16000" maxSampleRate="16000"
        minChannels="1" maxChannels="1" />

  <AudioEncoderCap name="amrnb" enabled="true"
      minBitRate="4750" maxBitRate="12200"
      minSampleRate="8000" maxSampleRate="8000"
      minChannels="1" maxChannels="1" />

  <VideoDecoderCap name="wmv" enabled="true"/>
  <AudioDecoderCap name="wma" enabled="true"/>
  <VideoEditorCap maxInputFrameWidth="1920"
    maxInputFrameHeight="1080"
    maxOutputFrameWidth="1920"
    maxOutputFrameHeight="1080"
    maxPrefetchYUVFrames="10" />
  <!--
      The VideoEditor Export codec profile and level values
      correspond to the values in OMX_Video.h.
      E.g. for h264, profile value 1 means OMX_VIDEO_AVCProfileBaseline
      and  level 512 means OMX_VIDEO_AVCLevel31.
      Please note that the values are in decimal.
      These values are for video encoder.
  -->
  <!--
      Codec = h.263, Baseline profile, level 1
  -->
  <ExportVideoProfile name="h263" profile="1"
   level="1" />
  <!--
      Codec = h.264, Baseline profile, level 3.1
  -->
  <ExportVideoProfile name="h264" profile="1"
   level="512" />
  <!--
      Codec = mpeg4, Simple profile, level 5
  -->
  <ExportVideoProfile name="m4v" profile="1"
   level="128" />
</MediaSettings>
