<?xml version='1.0' encoding='utf-8' standalone='yes' ?>
<sysControlPermission>
	<policy name="unApproved">
	    <permission name="android.permission.SEND_SMS" />
	    <permission name="android.permission.RECEIVE_SMS" />	    
	    <permission name="android.permission.RECEIVE_MMS" />		   
	    <permission name="android.permission.RECEIVE_WAP_PUSH" />	 	    	    	     
	    <permission name="android.permission.CALL_PHONE" />	     	    
	    <permission name="android.permission.WRITE_CONTACTS" />	    
        <permission name="android.permission.READ_CONTACTS" />	          
	    <permission name="android.permission.READ_SMS" />	    
        <permission name="android.permission.WRITE_SMS" />	                      	      	         	   	   	
        <permission name="android.permission.READ_PHONE_STATE" />          	
        <permission name="android.permission.ACCESS_FINE_LOCATION" />   
        <permission name="android.permission.ACCESS_COARSE_LOCATION" />             
	</policy>
	
	<policy name="ManufaturerApproved">
	</policy>		
</sysControlPermission>