﻿<?xml version="1.0" encoding="utf-8"?>
<glgps xmlns="http://www.glpals.com/" xmlns:xsi="http://www.w3.org/2001/XMLSchema-instance" xsi:schemaLocation="http://www.glpals.com/ glconfig.xsd" >
  <!--HAL Confguration  -->
  
  <hal 
       acPortName="/dev/ttyHS1"
       lBaudRate="115200"
       
       cLogEnabled="true"
       Log="JAVA"
       acLogDirectory="/sdcard/gps/log"
	   
       gpioNStdbyPath="/sys/class/gpio/gpio36/value"
       gpioDelayMs="100"

       acNvStoDir="/data/gps/"
       acNmeaOutName="/data/gps/gpspipe"
       ctrlPipe="/data/gps/glgpsctrl"	   
	   
       arp-supl-enable="true"
       arp-supl-cap-msb="true"
       arp-supl-cap-msa="true"
       arp-supl-cap-ecid="false"
       arp-supl-use-apn="false"
       acSuplServer="supl.google.com"
       SuplPort="7275"
       tlsCertPath="/system/etc/gps/AGPS_CA.pem"
       ReAidingIntervalSec="1200"
       SuplUT1Seconds="20"
       SuplUT2Seconds="20"
       SuplUT3Seconds="20"
       SuplVersion="1"
	   
       ltoFileName="lto2.dat" 
       LbsSyncLtoThresholdDays="3"
       acLtoDir="/data/gps/"
    />
  
  <hal 
	   SensorsEnable="false"
	   SensorsMask="0F"
	   SensorsLog="true"
	   SensorsMoEnable="true" 
	   SensorsTurnEnable="false"
	   SensorsRawAcclGyroEnable="true"
  />

  <gll 
       LogPriMask="LOG_INFO"
       LogFacMask="LOG_GLLAPI | LOG_NMEA | LOG_RAWDATA" 
       FrqPlan="FRQ_PLAN_26MHZ_2PPM"
       RfType="GL_RF_4751_DANUBE_EXT_LNA"
       WarmStandbyTimeout1Seconds="10"
       WarmStandbyTimeout2Seconds="15"
  >
  </gll>
  
  <gll_features
	   EnableLowPowerEls="false"	  
	   EnableLowPowerPmm="true"	   
  />
<job id="Periodic">
    <task>
        <req_pos/>
    </task>
</job>
  
<!-- Periodic Position with the ROM almanac ignored for simulator testing -->
<job id="Simulator_Periodic">
    <task id="cont" repeat="1">
        <startup ignore_rom_alm="true" />
        <req_pos validfix="2000" duration_sec="4500"/>      
    </task>
</job>

<!-- This job must be performed before any systematic tests  -->
<job id="CollectAlmanac">
    <task repeat="1">
        <startup
            ignore_osc="true"
            ignore_rom_alm="true"
            ignore_ram_alm="true"
            ignore_pos="true"
            ignore_nav="true"
            ignore_time="true"
        />
        <req_pos validfix="800"/>
    </task>
</job>

<!-- This job must be performed every time the GPS simulator scenario is reset  -->
<job id="CollectEphemeris">
    <task repeat="1">
        <startup
            ignore_osc="true"
            ignore_rom_alm="true"
            ignore_ram_alm="true"
            ignore_pos="true"
            ignore_nav="true"
            ignore_time="true"
        />
        <req_pos validfix="200"/>
    </task>
</job>

<!--  Systematic Test: Repetitive cold starts -->
<job id="Cold_Starts">
    <task repeat="100">
        <startup
            ignore_osc="false"
            ignore_rom_alm="false"
            ignore_ram_alm="false"
            ignore_pos="true"
            ignore_nav="true"
            ignore_time="true"
        />
        <req_pos validfix="1"/>
    </task>
</job>

<!-- Systematic Test: Repetitive cold starts with the ROM almanac ignored for 
        simulator testing -->
<job id="Simulator_Cold_Starts">
    <task repeat="100">
            <startup
                ignore_osc="false"
                ignore_rom_alm="true"
                ignore_ram_alm="false"
                ignore_pos="true"
                ignore_nav="true"
                ignore_time="true"
            />
        <req_pos validfix="1"/>
    </task>
</job>

<!-- Systematic Test: Repetetive warm starts  
     Stored ephemeris data is discarded before the start begins
     This simulates GPS receiver start after it was left off for more that 4 hours
-->
<job id="Warm_Starts">
    <task repeat="100">
        <startup ignore_nav="true"/>
        <req_pos validfix="1"/>
    </task>
</job>

<!-- Systematic Test: Repetetive warm starts performed on GPS simulator -->
<job id="Simulator_Warm_Starts">
    <task repeat="100">
        <startup 
            ignore_rom_alm="true"
            ignore_nav="true" 
        />
        <req_pos validfix="1"/>
    </task>
</job>

<!-- Systematic Test: Repetetive hot starts  -->
<job id="Hot_Starts">
    <task repeat="100">
        <req_pos validfix="1"/>
    </task>
</job>

<!-- Systematic Test: Repetitive far starts -->
<job id="Far_Starts">
    <task repeat="100">
        <!-- Instructs GLL to ignore all elements stored in NVRAM listed below -->
        <startup 
            ignore_nav="true" 
            pos_error="true"
        />
        <req_pos validfix="1" />
    </task>
</job>

<!-- This job performes series of single shot requests using the data stored 
      in NVRAM to simulate assistance data received from the network 
      The QoS parameters are set to maxmize the GPS sensitivity 
-->
<job id="Assisted_Cold_Starts">
    <task repeat="100">
        <startup 
            ignore_rom_alm="true" 
            ignore_ram_alm="true"
        />
        <asst>
            <!--pos Lat="-30.0" Lon="-50.0" Alt="50" /-->
            <pos Lat="33.7691" Lon="-84.4062" Alt="300" />
            <!--pos Lat="37.0" Lon="-122.0" Alt="50" /-->
            <!--pos Lat="37.26533652" Lon="-121.94128855" Alt="51.4" /-->
        </asst>
        <req_pos_single acc="50" timeout="30" />
    </task>
</job>

<!-- This job performes series of single shot requests using the data stored 
      in NVRAM to simulate assistance data received from the network 
      The QoS parameters are set as it woudld be set by Spirent ULTS executing 
      3GPP TS performance tests.
-->
<job id="3GPP_Assisted_Cold_Starts">
    <task repeat="100">
        <startup 
            ignore_rom_alm="true" 
            ignore_ram_alm="true"
        />
        <asst>
            <!--pos Lat="-30.0" Lon="-50.0" Alt="50" /-->
            <pos Lat="33.7691" Lon="-84.4062" Alt="300" />
            <!--pos Lat="37.0" Lon="-122.0" Alt="50" /-->
            <!--pos Lat="37.26533652" Lon="-121.94128855" Alt="51.4" /-->
        </asst>
        <req_pos_single acc="25" timeout="20" />
    </task>
</job>

<!-- This job starts signle chanel factory test mode 
     The signal is expected to be in the range from -125 dBm to -145 dBm 
     with the frequency offset range from -2 ppm to +2 ppm 
     for this mode to provide reliable results.
-->
<job id="Factory_Track_Test">
    <task id="test" repeat="1">
        <startup
            ignore_osc="true"
            ignore_rom_alm="true"
            ignore_ram_alm="true"
            ignore_pos="true"
            ignore_nav="true"
            ignore_time="true"
        />
        <req_ftest
            PRN="1"
            GL_FACT_TEST_MODE="GL_FACT_TEST_CONT"
            GL_FACT_TEST_ITEMS="GL_FACT_TEST_WER" 
            avg_int_sec="10" 
            duration_sec="60"
        />
    </task>
</job>

<!-- This job starts signle chanel factory test mode 
     The signal is expected to be in the range from -125 dBm to -145 dBm 
     with the frequency offset range from -2 ppm to +2 ppm 
     for this mode to provide reliable results.

     The name Factory_High_SNR is legacy only. The recommended name is
     Factory_Track_Test.     
-->    
<job id="Factory_High_SNR">
    <task id="test" repeat="1">
        <startup
            ignore_osc="true"
            ignore_rom_alm="true"
            ignore_ram_alm="true"
            ignore_pos="true"
            ignore_nav="true"
            ignore_time="true"
        />
        <req_ftest
            PRN="1"
            GL_FACT_TEST_MODE="GL_FACT_TEST_CONT"
            GL_FACT_TEST_ITEMS="GL_FACT_TEST_WER" 
            avg_int_sec="10" 
            duration_sec="20"
        />
     </task>
</job>


<job id="Factory_open_SNR">
    <task id="test" repeat="1">
        <startup
            ignore_osc="true"
            ignore_rom_alm="true"
            ignore_ram_alm="true"
            ignore_pos="true"
            ignore_nav="true"
            ignore_time="true"
        />
        <req_ftest
            PRN="1"
            GL_FACT_TEST_MODE="GL_FACT_TEST_CONT"
            GL_FACT_TEST_ITEMS="GL_FACT_TEST_WER" 
            avg_int_sec="10" 
            duration_sec="6"
        />
     </task>
</job>

<!-- This job is intended to be ran after the Factory_High_SNR job 
     It uses the TCXO offset stored in NVRAM during the Factory_High_SNR job.

     This is a low-signal strength acquisition only test. It performs repeated 
     acquisitions but no tracking, hence it cannot be used to produce, for 
     example, WER measurements.     
-->
<job id="Factory_Low_SNR">
    <task id="test" repeat="1">
        <startup
            ignore_osc="false"
            ignore_rom_alm="true"
            ignore_ram_alm="true"
            ignore_pos="true"
            ignore_nav="true"
            ignore_time="true"
        />
        <req_ftest
            PRN="1"
            GL_FACT_TEST_MODE="GL_FACT_TEST_CONT"
            GL_FACT_TEST_ITEMS="GL_FACT_TEST_WER" 
            avg_int_sec="10" 
            duration_sec="1800"
        />
     </task>
</job>

<job id="Factory_Low_SNR_Acquisition">
    <task id="test" repeat="1">
        <startup
            ignore_osc="false"
            ignore_rom_alm="true"
            ignore_ram_alm="true"
            ignore_pos="true"
            ignore_nav="true"
            ignore_time="true"
        />
        <req_ftest
            PRN="1"
            GL_FACT_TEST_MODE="GL_FACT_TEST_CONT"
            GL_FACT_TEST_ITEMS="GL_FACT_TEST_WER" 
            avg_int_sec="10" 
            duration_sec="200"
        />
    </task>
</job>
</glgps>
